<?xml version="1.0" encoding="ISO-8859-1" ?>
<?xml-stylesheet type="text/xsl" href="drcss.xsl"?>
<drcreport>
  <header>cnt200</header>
  <drc>
    <status>C:\Microsemi\Libero_SoC_v11.9\Designer/data/drcreport\warn.png</status>
    <StatusMessage>Warning</StatusMessage>
    <message>Floating Driver</message>
    <detail>Floating output pin HC161_1:TC</detail>
    <crossprobe>liberoaction://cross_probe/smartdesign/cnt200/pins/HC161_1:TC</crossprobe>
  </drc>
  <drc>
    <status>C:\Microsemi\Libero_SoC_v11.9\Designer/data/drcreport\warn.png</status>
    <StatusMessage>Warning</StatusMessage>
    <message>Floating Driver</message>
    <detail>Floating output pin NAND3_0:Y</detail>
    <crossprobe>liberoaction://cross_probe/smartdesign/cnt200/pins/NAND3_0:Y</crossprobe>
  </drc>
</drcreport>
